RNA_ID	RNA_BAM_FILE	DROP_GROUP	PAIRED_END	STRAND	COUNT_MODE	COUNT_OVERLAPS	DNA_ID	DNA_VCF_FILE
CTRL-100	/mnt/gluster01/lgbm/Larissa.Souza/PSI/DROP/RNAP_analyses/Bams/Ctrls/CTRL-100/CTRL-100_Aligned.sortedByCoord.out.bam	batch-vus	TRUE	no	Union	TRUE		
CTRL-102	/mnt/gluster01/lgbm/Larissa.Souza/PSI/DROP/RNAP_analyses/Bams/Ctrls/CTRL-102/CTRL-102_Aligned.sortedByCoord.out.bam	batch-vus	TRUE	no	Union	TRUE		
CTRL-103	/mnt/gluster01/lgbm/Larissa.Souza/PSI/DROP/RNAP_analyses/Bams/Ctrls/CTRL-103/CTRL-103_Aligned.sortedByCoord.out.bam	batch-vus	TRUE	no	Union	TRUE		
CTRL-104	/mnt/gluster01/lgbm/Larissa.Souza/PSI/DROP/RNAP_analyses/Bams/Ctrls/CTRL-104/CTRL-104_Aligned.sortedByCoord.out.bam	batch-vus	TRUE	no	Union	TRUE		
CTRL-105	/mnt/gluster01/lgbm/Larissa.Souza/PSI/DROP/RNAP_analyses/Bams/Ctrls/CTRL-105/CTRL-105_Aligned.sortedByCoord.out.bam	batch-vus	TRUE	no	Union	TRUE		
CTRL-106	/mnt/gluster01/lgbm/Larissa.Souza/PSI/DROP/RNAP_analyses/Bams/Ctrls/CTRL-106/CTRL-106_Aligned.sortedByCoord.out.bam	batch-vus	TRUE	no	Union	TRUE		
CTRL-107	/mnt/gluster01/lgbm/Larissa.Souza/PSI/DROP/RNAP_analyses/Bams/Ctrls/CTRL-107/CTRL-107_Aligned.sortedByCoord.out.bam	batch-vus	TRUE	no	Union	TRUE		
CTRL-108	/mnt/gluster01/lgbm/Larissa.Souza/PSI/DROP/RNAP_analyses/Bams/Ctrls/CTRL-108/CTRL-108_Aligned.sortedByCoord.out.bam	batch-vus	TRUE	no	Union	TRUE		
CTRL-109	/mnt/gluster01/lgbm/Larissa.Souza/PSI/DROP/RNAP_analyses/Bams/Ctrls/CTRL-109/CTRL-109_Aligned.sortedByCoord.out.bam	batch-vus	TRUE	no	Union	TRUE		
CTRL-110	/mnt/gluster01/lgbm/Larissa.Souza/PSI/DROP/RNAP_analyses/Bams/Ctrls/CTRL-110/CTRL-110_Aligned.sortedByCoord.out.bam	batch-vus	TRUE	no	Union	TRUE		
CTRL-111	/mnt/gluster01/lgbm/Larissa.Souza/PSI/DROP/RNAP_analyses/Bams/Ctrls/CTRL-111/CTRL-111_Aligned.sortedByCoord.out.bam	batch-vus	TRUE	no	Union	TRUE		
CTRL-112	/mnt/gluster01/lgbm/Larissa.Souza/PSI/DROP/RNAP_analyses/Bams/Ctrls/CTRL-112/CTRL-112_Aligned.sortedByCoord.out.bam	batch-vus	TRUE	no	Union	TRUE		
CTRL-113	/mnt/gluster01/lgbm/Larissa.Souza/PSI/DROP/RNAP_analyses/Bams/Ctrls/CTRL-113/CTRL-113_Aligned.sortedByCoord.out.bam	batch-vus	TRUE	no	Union	TRUE		
CTRL-114	/mnt/gluster01/lgbm/Larissa.Souza/PSI/DROP/RNAP_analyses/Bams/Ctrls/CTRL-114/CTRL-114_Aligned.sortedByCoord.out.bam	batch-vus	TRUE	no	Union	TRUE		
CTRL-115	/mnt/gluster01/lgbm/Larissa.Souza/PSI/DROP/RNAP_analyses/Bams/Ctrls/CTRL-115/CTRL-115_Aligned.sortedByCoord.out.bam	batch-vus	TRUE	no	Union	TRUE		
CTRL-116	/mnt/gluster01/lgbm/Larissa.Souza/PSI/DROP/RNAP_analyses/Bams/Ctrls/CTRL-116/CTRL-116_Aligned.sortedByCoord.out.bam	batch-vus	TRUE	no	Union	TRUE		
CTRL-117	/mnt/gluster01/lgbm/Larissa.Souza/PSI/DROP/RNAP_analyses/Bams/Ctrls/CTRL-117/CTRL-117_Aligned.sortedByCoord.out.bam	batch-vus	TRUE	no	Union	TRUE		
CTRL-118	/mnt/gluster01/lgbm/Larissa.Souza/PSI/DROP/RNAP_analyses/Bams/Ctrls/CTRL-118/CTRL-118_Aligned.sortedByCoord.out.bam	batch-vus	TRUE	no	Union	TRUE		
CTRL-119	/mnt/gluster01/lgbm/Larissa.Souza/PSI/DROP/RNAP_analyses/Bams/Ctrls/CTRL-119/CTRL-119_Aligned.sortedByCoord.out.bam	batch-vus	TRUE	no	Union	TRUE		
SRR10970662	/mnt/gluster01/lgbm/Larissa.Souza/PSI/DROP/RNAP_analyses/Bams/Ctrls/SRR10970662/SRR10970662_Aligned.sortedByCoord.out.bam	batch-vus	TRUE	no	Union	TRUE		
SRR10970663	/mnt/gluster01/lgbm/Larissa.Souza/PSI/DROP/RNAP_analyses/Bams/Ctrls/SRR10970663/SRR10970663_Aligned.sortedByCoord.out.bam	batch-vus	TRUE	no	Union	TRUE		
SRR10970665	/mnt/gluster01/lgbm/Larissa.Souza/PSI/DROP/RNAP_analyses/Bams/Ctrls/SRR10970665/SRR10970665_Aligned.sortedByCoord.out.bam	batch-vus	TRUE	no	Union	TRUE		
SRR10970668	/mnt/gluster01/lgbm/Larissa.Souza/PSI/DROP/RNAP_analyses/Bams/Ctrls/SRR10970668/SRR10970668_Aligned.sortedByCoord.out.bam	batch-vus	TRUE	no	Union	TRUE		
SRR10970671	/mnt/gluster01/lgbm/Larissa.Souza/PSI/DROP/RNAP_analyses/Bams/Ctrls/SRR10970671/SRR10970671_Aligned.sortedByCoord.out.bam	batch-vus	TRUE	no	Union	TRUE		
SRR10970672	/mnt/gluster01/lgbm/Larissa.Souza/PSI/DROP/RNAP_analyses/Bams/Ctrls/SRR10970672/SRR10970672_Aligned.sortedByCoord.out.bam	batch-vus	TRUE	no	Union	TRUE		
SRR10970674	/mnt/gluster01/lgbm/Larissa.Souza/PSI/DROP/RNAP_analyses/Bams/Ctrls/SRR10970674/SRR10970674_Aligned.sortedByCoord.out.bam	batch-vus	TRUE	no	Union	TRUE		
SRR10970675	/mnt/gluster01/lgbm/Larissa.Souza/PSI/DROP/RNAP_analyses/Bams/Ctrls/SRR10970675/SRR10970675_Aligned.sortedByCoord.out.bam	batch-vus	TRUE	no	Union	TRUE		
SRR10970676	/mnt/gluster01/lgbm/Larissa.Souza/PSI/DROP/RNAP_analyses/Bams/Ctrls/SRR10970676/SRR10970676_Aligned.sortedByCoord.out.bam	batch-vus	TRUE	no	Union	TRUE		
SRR10970677	/mnt/gluster01/lgbm/Larissa.Souza/PSI/DROP/RNAP_analyses/Bams/Ctrls/SRR10970677/SRR10970677_Aligned.sortedByCoord.out.bam	batch-vus	TRUE	no	Union	TRUE		
SRR10970679	/mnt/gluster01/lgbm/Larissa.Souza/PSI/DROP/RNAP_analyses/Bams/Ctrls/SRR10970679/SRR10970679_Aligned.sortedByCoord.out.bam	batch-vus	TRUE	no	Union	TRUE		
SRR10970680	/mnt/gluster01/lgbm/Larissa.Souza/PSI/DROP/RNAP_analyses/Bams/Ctrls/SRR10970680/SRR10970680_Aligned.sortedByCoord.out.bam	batch-vus	TRUE	no	Union	TRUE		
SRR10970681	/mnt/gluster01/lgbm/Larissa.Souza/PSI/DROP/RNAP_analyses/Bams/Ctrls/SRR10970681/SRR10970681_Aligned.sortedByCoord.out.bam	batch-vus	TRUE	no	Union	TRUE		
SRR10970683	/mnt/gluster01/lgbm/Larissa.Souza/PSI/DROP/RNAP_analyses/Bams/Ctrls/SRR10970683/SRR10970683_Aligned.sortedByCoord.out.bam	batch-vus	TRUE	no	Union	TRUE		
SRR10970684	/mnt/gluster01/lgbm/Larissa.Souza/PSI/DROP/RNAP_analyses/Bams/Ctrls/SRR10970684/SRR10970684_Aligned.sortedByCoord.out.bam	batch-vus	TRUE	no	Union	TRUE		
SRR10970685	/mnt/gluster01/lgbm/Larissa.Souza/PSI/DROP/RNAP_analyses/Bams/Ctrls/SRR10970685/SRR10970685_Aligned.sortedByCoord.out.bam	batch-vus	TRUE	no	Union	TRUE		
SRR10970686	/mnt/gluster01/lgbm/Larissa.Souza/PSI/DROP/RNAP_analyses/Bams/Ctrls/SRR10970686/SRR10970686_Aligned.sortedByCoord.out.bam	batch-vus	TRUE	no	Union	TRUE		
SRR10970687	/mnt/gluster01/lgbm/Larissa.Souza/PSI/DROP/RNAP_analyses/Bams/Ctrls/SRR10970687/SRR10970687_Aligned.sortedByCoord.out.bam	batch-vus	TRUE	no	Union	TRUE		
SRR10970688	/mnt/gluster01/lgbm/Larissa.Souza/PSI/DROP/RNAP_analyses/Bams/Ctrls/SRR10970688/SRR10970688_Aligned.sortedByCoord.out.bam	batch-vus	TRUE	no	Union	TRUE		
SRR10970689	/mnt/gluster01/lgbm/Larissa.Souza/PSI/DROP/RNAP_analyses/Bams/Ctrls/SRR10970689/SRR10970689_Aligned.sortedByCoord.out.bam	batch-vus	TRUE	no	Union	TRUE		
SRR10970690	/mnt/gluster01/lgbm/Larissa.Souza/PSI/DROP/RNAP_analyses/Bams/Ctrls/SRR10970690/SRR10970690_Aligned.sortedByCoord.out.bam	batch-vus	TRUE	no	Union	TRUE		
SRR10970692	/mnt/gluster01/lgbm/Larissa.Souza/PSI/DROP/RNAP_analyses/Bams/Ctrls/SRR10970692/SRR10970692_Aligned.sortedByCoord.out.bam	batch-vus	TRUE	no	Union	TRUE		
SRR10970694	/mnt/gluster01/lgbm/Larissa.Souza/PSI/DROP/RNAP_analyses/Bams/Ctrls/SRR10970694/SRR10970694_Aligned.sortedByCoord.out.bam	batch-vus	TRUE	no	Union	TRUE		
SRR10970695	/mnt/gluster01/lgbm/Larissa.Souza/PSI/DROP/RNAP_analyses/Bams/Ctrls/SRR10970695/SRR10970695_Aligned.sortedByCoord.out.bam	batch-vus	TRUE	no	Union	TRUE		
SRR10970699	/mnt/gluster01/lgbm/Larissa.Souza/PSI/DROP/RNAP_analyses/Bams/Ctrls/SRR10970699/SRR10970699_Aligned.sortedByCoord.out.bam	batch-vus	TRUE	no	Union	TRUE		
SRR10970700	/mnt/gluster01/lgbm/Larissa.Souza/PSI/DROP/RNAP_analyses/Bams/Ctrls/SRR10970700/SRR10970700_Aligned.sortedByCoord.out.bam	batch-vus	TRUE	no	Union	TRUE		
SRR10970701	/mnt/gluster01/lgbm/Larissa.Souza/PSI/DROP/RNAP_analyses/Bams/Ctrls/SRR10970701/SRR10970701_Aligned.sortedByCoord.out.bam	batch-vus	TRUE	no	Union	TRUE		
SRR10970702	/mnt/gluster01/lgbm/Larissa.Souza/PSI/DROP/RNAP_analyses/Bams/Ctrls/SRR10970702/SRR10970702_Aligned.sortedByCoord.out.bam	batch-vus	TRUE	no	Union	TRUE		
SRR10970703	/mnt/gluster01/lgbm/Larissa.Souza/PSI/DROP/RNAP_analyses/Bams/Ctrls/SRR10970703/SRR10970703_Aligned.sortedByCoord.out.bam	batch-vus	TRUE	no	Union	TRUE		
SRR10970704	/mnt/gluster01/lgbm/Larissa.Souza/PSI/DROP/RNAP_analyses/Bams/Ctrls/SRR10970704/SRR10970704_Aligned.sortedByCoord.out.bam	batch-vus	TRUE	no	Union	TRUE		
SRR10970712	/mnt/gluster01/lgbm/Larissa.Souza/PSI/DROP/RNAP_analyses/Bams/Ctrls/SRR10970712/SRR10970712_Aligned.sortedByCoord.out.bam	batch-vus	TRUE	no	Union	TRUE		
SRR10970713	/mnt/gluster01/lgbm/Larissa.Souza/PSI/DROP/RNAP_analyses/Bams/Ctrls/SRR10970713/SRR10970713_Aligned.sortedByCoord.out.bam	batch-vus	TRUE	no	Union	TRUE		
SRR10970714	/mnt/gluster01/lgbm/Larissa.Souza/PSI/DROP/RNAP_analyses/Bams/Ctrls/SRR10970714/SRR10970714_Aligned.sortedByCoord.out.bam	batch-vus	TRUE	no	Union	TRUE		
SRR10970715	/mnt/gluster01/lgbm/Larissa.Souza/PSI/DROP/RNAP_analyses/Bams/Ctrls/SRR10970715/SRR10970715_Aligned.sortedByCoord.out.bam	batch-vus	TRUE	no	Union	TRUE		
SRR10970716	/mnt/gluster01/lgbm/Larissa.Souza/PSI/DROP/RNAP_analyses/Bams/Ctrls/SRR10970716/SRR10970716_Aligned.sortedByCoord.out.bam	batch-vus	TRUE	no	Union	TRUE		
SRR10970720	/mnt/gluster01/lgbm/Larissa.Souza/PSI/DROP/RNAP_analyses/Bams/Ctrls/SRR10970720/SRR10970720_Aligned.sortedByCoord.out.bam	batch-vus	TRUE	no	Union	TRUE		
SRR10970725	/mnt/gluster01/lgbm/Larissa.Souza/PSI/DROP/RNAP_analyses/Bams/Ctrls/SRR10970725/SRR10970725_Aligned.sortedByCoord.out.bam	batch-vus	TRUE	no	Union	TRUE		
SRR10970727	/mnt/gluster01/lgbm/Larissa.Souza/PSI/DROP/RNAP_analyses/Bams/Ctrls/SRR10970727/SRR10970727_Aligned.sortedByCoord.out.bam	batch-vus	TRUE	no	Union	TRUE		
SRR10970729	/mnt/gluster01/lgbm/Larissa.Souza/PSI/DROP/RNAP_analyses/Bams/Ctrls/SRR10970729/SRR10970729_Aligned.sortedByCoord.out.bam	batch-vus	TRUE	no	Union	TRUE		
SRR10970730	/mnt/gluster01/lgbm/Larissa.Souza/PSI/DROP/RNAP_analyses/Bams/Ctrls/SRR10970730/SRR10970730_Aligned.sortedByCoord.out.bam	batch-vus	TRUE	no	Union	TRUE		
SRR10970731	/mnt/gluster01/lgbm/Larissa.Souza/PSI/DROP/RNAP_analyses/Bams/Ctrls/SRR10970731/SRR10970731_Aligned.sortedByCoord.out.bam	batch-vus	TRUE	no	Union	TRUE		
SRR10970737	/mnt/gluster01/lgbm/Larissa.Souza/PSI/DROP/RNAP_analyses/Bams/Ctrls/SRR10970737/SRR10970737_Aligned.sortedByCoord.out.bam	batch-vus	TRUE	no	Union	TRUE		
SRR10970740	/mnt/gluster01/lgbm/Larissa.Souza/PSI/DROP/RNAP_analyses/Bams/Ctrls/SRR10970740/SRR10970740_Aligned.sortedByCoord.out.bam	batch-vus	TRUE	no	Union	TRUE		
SRR10970742	/mnt/gluster01/lgbm/Larissa.Souza/PSI/DROP/RNAP_analyses/Bams/Ctrls/SRR10970742/SRR10970742_Aligned.sortedByCoord.out.bam	batch-vus	TRUE	no	Union	TRUE		
SRR10970745	/mnt/gluster01/lgbm/Larissa.Souza/PSI/DROP/RNAP_analyses/Bams/Ctrls/SRR10970745/SRR10970745_Aligned.sortedByCoord.out.bam	batch-vus	TRUE	no	Union	TRUE		
SRR10970747	/mnt/gluster01/lgbm/Larissa.Souza/PSI/DROP/RNAP_analyses/Bams/Ctrls/SRR10970747/SRR10970747_Aligned.sortedByCoord.out.bam	batch-vus	TRUE	no	Union	TRUE		
SRR10970748	/mnt/gluster01/lgbm/Larissa.Souza/PSI/DROP/RNAP_analyses/Bams/Ctrls/SRR10970748/SRR10970748_Aligned.sortedByCoord.out.bam	batch-vus	TRUE	no	Union	TRUE		
SRR10970749	/mnt/gluster01/lgbm/Larissa.Souza/PSI/DROP/RNAP_analyses/Bams/Ctrls/SRR10970749/SRR10970749_Aligned.sortedByCoord.out.bam	batch-vus	TRUE	no	Union	TRUE		
SRR10970750	/mnt/gluster01/lgbm/Larissa.Souza/PSI/DROP/RNAP_analyses/Bams/Ctrls/SRR10970750/SRR10970750_Aligned.sortedByCoord.out.bam	batch-vus	TRUE	no	Union	TRUE		
SRR10970751	/mnt/gluster01/lgbm/Larissa.Souza/PSI/DROP/RNAP_analyses/Bams/Ctrls/SRR10970751/SRR10970751_Aligned.sortedByCoord.out.bam	batch-vus	TRUE	no	Union	TRUE		
SRR10970752	/mnt/gluster01/lgbm/Larissa.Souza/PSI/DROP/RNAP_analyses/Bams/Ctrls/SRR10970752/SRR10970752_Aligned.sortedByCoord.out.bam	batch-vus	TRUE	no	Union	TRUE		
SRR10970753	/mnt/gluster01/lgbm/Larissa.Souza/PSI/DROP/RNAP_analyses/Bams/Ctrls/SRR10970753/SRR10970753_Aligned.sortedByCoord.out.bam	batch-vus	TRUE	no	Union	TRUE		
SRR10970754	/mnt/gluster01/lgbm/Larissa.Souza/PSI/DROP/RNAP_analyses/Bams/Ctrls/SRR10970754/SRR10970754_Aligned.sortedByCoord.out.bam	batch-vus	TRUE	no	Union	TRUE		
SRR10970759	/mnt/gluster01/lgbm/Larissa.Souza/PSI/DROP/RNAP_analyses/Bams/Ctrls/SRR10970759/SRR10970759_Aligned.sortedByCoord.out.bam	batch-vus	TRUE	no	Union	TRUE		
SRR10970763	/mnt/gluster01/lgbm/Larissa.Souza/PSI/DROP/RNAP_analyses/Bams/Ctrls/SRR10970763/SRR10970763_Aligned.sortedByCoord.out.bam	batch-vus	TRUE	no	Union	TRUE		
SRR10970765	/mnt/gluster01/lgbm/Larissa.Souza/PSI/DROP/RNAP_analyses/Bams/Ctrls/SRR10970765/SRR10970765_Aligned.sortedByCoord.out.bam	batch-vus	TRUE	no	Union	TRUE		
SRR10970766	/mnt/gluster01/lgbm/Larissa.Souza/PSI/DROP/RNAP_analyses/Bams/Ctrls/SRR10970766/SRR10970766_Aligned.sortedByCoord.out.bam	batch-vus	TRUE	no	Union	TRUE		
SRR10970767	/mnt/gluster01/lgbm/Larissa.Souza/PSI/DROP/RNAP_analyses/Bams/Ctrls/SRR10970767/SRR10970767_Aligned.sortedByCoord.out.bam	batch-vus	TRUE	no	Union	TRUE		
SRR10970769	/mnt/gluster01/lgbm/Larissa.Souza/PSI/DROP/RNAP_analyses/Bams/Ctrls/SRR10970769/SRR10970769_Aligned.sortedByCoord.out.bam	batch-vus	TRUE	no	Union	TRUE		
SRR10970770	/mnt/gluster01/lgbm/Larissa.Souza/PSI/DROP/RNAP_analyses/Bams/Ctrls/SRR10970770/SRR10970770_Aligned.sortedByCoord.out.bam	batch-vus	TRUE	no	Union	TRUE		
SRR10970771	/mnt/gluster01/lgbm/Larissa.Souza/PSI/DROP/RNAP_analyses/Bams/Ctrls/SRR10970771/SRR10970771_Aligned.sortedByCoord.out.bam	batch-vus	TRUE	no	Union	TRUE		
SRR10970772	/mnt/gluster01/lgbm/Larissa.Souza/PSI/DROP/RNAP_analyses/Bams/Ctrls/SRR10970772/SRR10970772_Aligned.sortedByCoord.out.bam	batch-vus	TRUE	no	Union	TRUE		
SRR10970773	/mnt/gluster01/lgbm/Larissa.Souza/PSI/DROP/RNAP_analyses/Bams/Ctrls/SRR10970773/SRR10970773_Aligned.sortedByCoord.out.bam	batch-vus	TRUE	no	Union	TRUE		
SRR10970774	/mnt/gluster01/lgbm/Larissa.Souza/PSI/DROP/RNAP_analyses/Bams/Ctrls/SRR10970774/SRR10970774_Aligned.sortedByCoord.out.bam	batch-vus	TRUE	no	Union	TRUE		
SRR10970775	/mnt/gluster01/lgbm/Larissa.Souza/PSI/DROP/RNAP_analyses/Bams/Ctrls/SRR10970775/SRR10970775_Aligned.sortedByCoord.out.bam	batch-vus	TRUE	no	Union	TRUE		
SRR10970776	/mnt/gluster01/lgbm/Larissa.Souza/PSI/DROP/RNAP_analyses/Bams/Ctrls/SRR10970776/SRR10970776_Aligned.sortedByCoord.out.bam	batch-vus	TRUE	no	Union	TRUE		
SRR10970777	/mnt/gluster01/lgbm/Larissa.Souza/PSI/DROP/RNAP_analyses/Bams/Ctrls/SRR10970777/SRR10970777_Aligned.sortedByCoord.out.bam	batch-vus	TRUE	no	Union	TRUE		
SRR10970779	/mnt/gluster01/lgbm/Larissa.Souza/PSI/DROP/RNAP_analyses/Bams/Ctrls/SRR10970779/SRR10970779_Aligned.sortedByCoord.out.bam	batch-vus	TRUE	no	Union	TRUE		
SRR10970782	/mnt/gluster01/lgbm/Larissa.Souza/PSI/DROP/RNAP_analyses/Bams/Ctrls/SRR10970782/SRR10970782_Aligned.sortedByCoord.out.bam	batch-vus	TRUE	no	Union	TRUE		
SRR10970783	/mnt/gluster01/lgbm/Larissa.Souza/PSI/DROP/RNAP_analyses/Bams/Ctrls/SRR10970783/SRR10970783_Aligned.sortedByCoord.out.bam	batch-vus	TRUE	no	Union	TRUE		
SRR10970784	/mnt/gluster01/lgbm/Larissa.Souza/PSI/DROP/RNAP_analyses/Bams/Ctrls/SRR10970784/SRR10970784_Aligned.sortedByCoord.out.bam	batch-vus	TRUE	no	Union	TRUE		
SRR10970786	/mnt/gluster01/lgbm/Larissa.Souza/PSI/DROP/RNAP_analyses/Bams/Ctrls/SRR10970786/SRR10970786_Aligned.sortedByCoord.out.bam	batch-vus	TRUE	no	Union	TRUE		
SRR10970787	/mnt/gluster01/lgbm/Larissa.Souza/PSI/DROP/RNAP_analyses/Bams/Ctrls/SRR10970787/SRR10970787_Aligned.sortedByCoord.out.bam	batch-vus	TRUE	no	Union	TRUE		
SRR10970788	/mnt/gluster01/lgbm/Larissa.Souza/PSI/DROP/RNAP_analyses/Bams/Ctrls/SRR10970788/SRR10970788_Aligned.sortedByCoord.out.bam	batch-vus	TRUE	no	Union	TRUE		
SRR10970789	/mnt/gluster01/lgbm/Larissa.Souza/PSI/DROP/RNAP_analyses/Bams/Ctrls/SRR10970789/SRR10970789_Aligned.sortedByCoord.out.bam	batch-vus	TRUE	no	Union	TRUE		
SRR10970790	/mnt/gluster01/lgbm/Larissa.Souza/PSI/DROP/RNAP_analyses/Bams/Ctrls/SRR10970790/SRR10970790_Aligned.sortedByCoord.out.bam	batch-vus	TRUE	no	Union	TRUE		
SRR10970793	/mnt/gluster01/lgbm/Larissa.Souza/PSI/DROP/RNAP_analyses/Bams/Ctrls/SRR10970793/SRR10970793_Aligned.sortedByCoord.out.bam	batch-vus	TRUE	no	Union	TRUE		
SRR10970794	/mnt/gluster01/lgbm/Larissa.Souza/PSI/DROP/RNAP_analyses/Bams/Ctrls/SRR10970794/SRR10970794_Aligned.sortedByCoord.out.bam	batch-vus	TRUE	no	Union	TRUE		
SRR10970795	/mnt/gluster01/lgbm/Larissa.Souza/PSI/DROP/RNAP_analyses/Bams/Ctrls/SRR10970795/SRR10970795_Aligned.sortedByCoord.out.bam	batch-vus	TRUE	no	Union	TRUE		
SRR10970796	/mnt/gluster01/lgbm/Larissa.Souza/PSI/DROP/RNAP_analyses/Bams/Ctrls/SRR10970796/SRR10970796_Aligned.sortedByCoord.out.bam	batch-vus	TRUE	no	Union	TRUE		
SRR10970798	/mnt/gluster01/lgbm/Larissa.Souza/PSI/DROP/RNAP_analyses/Bams/Ctrls/SRR10970798/SRR10970798_Aligned.sortedByCoord.out.bam	batch-vus	TRUE	no	Union	TRUE		
SRR10970799	/mnt/gluster01/lgbm/Larissa.Souza/PSI/DROP/RNAP_analyses/Bams/Ctrls/SRR10970799/SRR10970799_Aligned.sortedByCoord.out.bam	batch-vus	TRUE	no	Union	TRUE		
SRR10970800	/mnt/gluster01/lgbm/Larissa.Souza/PSI/DROP/RNAP_analyses/Bams/Ctrls/SRR10970800/SRR10970800_Aligned.sortedByCoord.out.bam	batch-vus	TRUE	no	Union	TRUE		
SRR10970801	/mnt/gluster01/lgbm/Larissa.Souza/PSI/DROP/RNAP_analyses/Bams/Ctrls/SRR10970801/SRR10970801_Aligned.sortedByCoord.out.bam	batch-vus	TRUE	no	Union	TRUE		
SRR10970802	/mnt/gluster01/lgbm/Larissa.Souza/PSI/DROP/RNAP_analyses/Bams/Ctrls/SRR10970802/SRR10970802_Aligned.sortedByCoord.out.bam	batch-vus	TRUE	no	Union	TRUE		
SRR10970803	/mnt/gluster01/lgbm/Larissa.Souza/PSI/DROP/RNAP_analyses/Bams/Ctrls/SRR10970803/SRR10970803_Aligned.sortedByCoord.out.bam	batch-vus	TRUE	no	Union	TRUE		
SRR10970804	/mnt/gluster01/lgbm/Larissa.Souza/PSI/DROP/RNAP_analyses/Bams/Ctrls/SRR10970804/SRR10970804_Aligned.sortedByCoord.out.bam	batch-vus	TRUE	no	Union	TRUE		
SRR10970806	/mnt/gluster01/lgbm/Larissa.Souza/PSI/DROP/RNAP_analyses/Bams/Ctrls/SRR10970806/SRR10970806_Aligned.sortedByCoord.out.bam	batch-vus	TRUE	no	Union	TRUE		
SRR10970807	/mnt/gluster01/lgbm/Larissa.Souza/PSI/DROP/RNAP_analyses/Bams/Ctrls/SRR10970807/SRR10970807_Aligned.sortedByCoord.out.bam	batch-vus	TRUE	no	Union	TRUE		
SRR10970808	/mnt/gluster01/lgbm/Larissa.Souza/PSI/DROP/RNAP_analyses/Bams/Ctrls/SRR10970808/SRR10970808_Aligned.sortedByCoord.out.bam	batch-vus	TRUE	no	Union	TRUE		
SRR10970811	/mnt/gluster01/lgbm/Larissa.Souza/PSI/DROP/RNAP_analyses/Bams/Ctrls/SRR10970811/SRR10970811_Aligned.sortedByCoord.out.bam	batch-vus	TRUE	no	Union	TRUE		
SRR10970812	/mnt/gluster01/lgbm/Larissa.Souza/PSI/DROP/RNAP_analyses/Bams/Ctrls/SRR10970812/SRR10970812_Aligned.sortedByCoord.out.bam	batch-vus	TRUE	no	Union	TRUE		
SRR10970814	/mnt/gluster01/lgbm/Larissa.Souza/PSI/DROP/RNAP_analyses/Bams/Ctrls/SRR10970814/SRR10970814_Aligned.sortedByCoord.out.bam	batch-vus	TRUE	no	Union	TRUE		
SRR10970816	/mnt/gluster01/lgbm/Larissa.Souza/PSI/DROP/RNAP_analyses/Bams/Ctrls/SRR10970816/SRR10970816_Aligned.sortedByCoord.out.bam	batch-vus	TRUE	no	Union	TRUE		
SRR10970817	/mnt/gluster01/lgbm/Larissa.Souza/PSI/DROP/RNAP_analyses/Bams/Ctrls/SRR10970817/SRR10970817_Aligned.sortedByCoord.out.bam	batch-vus	TRUE	no	Union	TRUE		
SRR10970818	/mnt/gluster01/lgbm/Larissa.Souza/PSI/DROP/RNAP_analyses/Bams/Ctrls/SRR10970818/SRR10970818_Aligned.sortedByCoord.out.bam	batch-vus	TRUE	no	Union	TRUE		
SRR10970819	/mnt/gluster01/lgbm/Larissa.Souza/PSI/DROP/RNAP_analyses/Bams/Ctrls/SRR10970819/SRR10970819_Aligned.sortedByCoord.out.bam	batch-vus	TRUE	no	Union	TRUE		
SRR10970820	/mnt/gluster01/lgbm/Larissa.Souza/PSI/DROP/RNAP_analyses/Bams/Ctrls/SRR10970820/SRR10970820_Aligned.sortedByCoord.out.bam	batch-vus	TRUE	no	Union	TRUE		
SRR10970823	/mnt/gluster01/lgbm/Larissa.Souza/PSI/DROP/RNAP_analyses/Bams/Ctrls/SRR10970823/SRR10970823_Aligned.sortedByCoord.out.bam	batch-vus	TRUE	no	Union	TRUE		
SRR10970825	/mnt/gluster01/lgbm/Larissa.Souza/PSI/DROP/RNAP_analyses/Bams/Ctrls/SRR10970825/SRR10970825_Aligned.sortedByCoord.out.bam	batch-vus	TRUE	no	Union	TRUE		
SRR10970827	/mnt/gluster01/lgbm/Larissa.Souza/PSI/DROP/RNAP_analyses/Bams/Ctrls/SRR10970827/SRR10970827_Aligned.sortedByCoord.out.bam	batch-vus	TRUE	no	Union	TRUE		
SRR10970828	/mnt/gluster01/lgbm/Larissa.Souza/PSI/DROP/RNAP_analyses/Bams/Ctrls/SRR10970828/SRR10970828_Aligned.sortedByCoord.out.bam	batch-vus	TRUE	no	Union	TRUE		
SRR10970829	/mnt/gluster01/lgbm/Larissa.Souza/PSI/DROP/RNAP_analyses/Bams/Ctrls/SRR10970829/SRR10970829_Aligned.sortedByCoord.out.bam	batch-vus	TRUE	no	Union	TRUE		
SRR10970830	/mnt/gluster01/lgbm/Larissa.Souza/PSI/DROP/RNAP_analyses/Bams/Ctrls/SRR10970830/SRR10970830_Aligned.sortedByCoord.out.bam	batch-vus	TRUE	no	Union	TRUE		
SRR10970831	/mnt/gluster01/lgbm/Larissa.Souza/PSI/DROP/RNAP_analyses/Bams/Ctrls/SRR10970831/SRR10970831_Aligned.sortedByCoord.out.bam	batch-vus	TRUE	no	Union	TRUE		
SRR10970834	/mnt/gluster01/lgbm/Larissa.Souza/PSI/DROP/RNAP_analyses/Bams/Ctrls/SRR10970834/SRR10970834_Aligned.sortedByCoord.out.bam	batch-vus	TRUE	no	Union	TRUE		
SRR10970835	/mnt/gluster01/lgbm/Larissa.Souza/PSI/DROP/RNAP_analyses/Bams/Ctrls/SRR10970835/SRR10970835_Aligned.sortedByCoord.out.bam	batch-vus	TRUE	no	Union	TRUE		
SRR10970836	/mnt/gluster01/lgbm/Larissa.Souza/PSI/DROP/RNAP_analyses/Bams/Ctrls/SRR10970836/SRR10970836_Aligned.sortedByCoord.out.bam	batch-vus	TRUE	no	Union	TRUE		
SRR10970837	/mnt/gluster01/lgbm/Larissa.Souza/PSI/DROP/RNAP_analyses/Bams/Ctrls/SRR10970837/SRR10970837_Aligned.sortedByCoord.out.bam	batch-vus	TRUE	no	Union	TRUE		
SRR10970839	/mnt/gluster01/lgbm/Larissa.Souza/PSI/DROP/RNAP_analyses/Bams/Ctrls/SRR10970839/SRR10970839_Aligned.sortedByCoord.out.bam	batch-vus	TRUE	no	Union	TRUE		
SRR10970845	/mnt/gluster01/lgbm/Larissa.Souza/PSI/DROP/RNAP_analyses/Bams/Ctrls/SRR10970845/SRR10970845_Aligned.sortedByCoord.out.bam	batch-vus	TRUE	no	Union	TRUE		
SRR10970848	/mnt/gluster01/lgbm/Larissa.Souza/PSI/DROP/RNAP_analyses/Bams/Ctrls/SRR10970848/SRR10970848_Aligned.sortedByCoord.out.bam	batch-vus	TRUE	no	Union	TRUE		
SRR10970849	/mnt/gluster01/lgbm/Larissa.Souza/PSI/DROP/RNAP_analyses/Bams/Ctrls/SRR10970849/SRR10970849_Aligned.sortedByCoord.out.bam	batch-vus	TRUE	no	Union	TRUE		
SRR10970850	/mnt/gluster01/lgbm/Larissa.Souza/PSI/DROP/RNAP_analyses/Bams/Ctrls/SRR10970850/SRR10970850_Aligned.sortedByCoord.out.bam	batch-vus	TRUE	no	Union	TRUE		
SRR10970851	/mnt/gluster01/lgbm/Larissa.Souza/PSI/DROP/RNAP_analyses/Bams/Ctrls/SRR10970851/SRR10970851_Aligned.sortedByCoord.out.bam	batch-vus	TRUE	no	Union	TRUE		
SRR10970854	/mnt/gluster01/lgbm/Larissa.Souza/PSI/DROP/RNAP_analyses/Bams/Ctrls/SRR10970854/SRR10970854_Aligned.sortedByCoord.out.bam	batch-vus	TRUE	no	Union	TRUE		
SRR10970855	/mnt/gluster01/lgbm/Larissa.Souza/PSI/DROP/RNAP_analyses/Bams/Ctrls/SRR10970855/SRR10970855_Aligned.sortedByCoord.out.bam	batch-vus	TRUE	no	Union	TRUE		
SRR10970858	/mnt/gluster01/lgbm/Larissa.Souza/PSI/DROP/RNAP_analyses/Bams/Ctrls/SRR10970858/SRR10970858_Aligned.sortedByCoord.out.bam	batch-vus	TRUE	no	Union	TRUE		
SRR10970861	/mnt/gluster01/lgbm/Larissa.Souza/PSI/DROP/RNAP_analyses/Bams/Ctrls/SRR10970861/SRR10970861_Aligned.sortedByCoord.out.bam	batch-vus	TRUE	no	Union	TRUE		
SRR10970862	/mnt/gluster01/lgbm/Larissa.Souza/PSI/DROP/RNAP_analyses/Bams/Ctrls/SRR10970862/SRR10970862_Aligned.sortedByCoord.out.bam	batch-vus	TRUE	no	Union	TRUE		
SRR10970863	/mnt/gluster01/lgbm/Larissa.Souza/PSI/DROP/RNAP_analyses/Bams/Ctrls/SRR10970863/SRR10970863_Aligned.sortedByCoord.out.bam	batch-vus	TRUE	no	Union	TRUE		
SRR10970864	/mnt/gluster01/lgbm/Larissa.Souza/PSI/DROP/RNAP_analyses/Bams/Ctrls/SRR10970864/SRR10970864_Aligned.sortedByCoord.out.bam	batch-vus	TRUE	no	Union	TRUE		
SRR10970865	/mnt/gluster01/lgbm/Larissa.Souza/PSI/DROP/RNAP_analyses/Bams/Ctrls/SRR10970865/SRR10970865_Aligned.sortedByCoord.out.bam	batch-vus	TRUE	no	Union	TRUE		
SRR10970872	/mnt/gluster01/lgbm/Larissa.Souza/PSI/DROP/RNAP_analyses/Bams/Ctrls/SRR10970872/SRR10970872_Aligned.sortedByCoord.out.bam	batch-vus	TRUE	no	Union	TRUE		
SRR10970873	/mnt/gluster01/lgbm/Larissa.Souza/PSI/DROP/RNAP_analyses/Bams/Ctrls/SRR10970873/SRR10970873_Aligned.sortedByCoord.out.bam	batch-vus	TRUE	no	Union	TRUE		
SRR10970877	/mnt/gluster01/lgbm/Larissa.Souza/PSI/DROP/RNAP_analyses/Bams/Ctrls/SRR10970877/SRR10970877_Aligned.sortedByCoord.out.bam	batch-vus	TRUE	no	Union	TRUE		
SRR10970879	/mnt/gluster01/lgbm/Larissa.Souza/PSI/DROP/RNAP_analyses/Bams/Ctrls/SRR10970879/SRR10970879_Aligned.sortedByCoord.out.bam	batch-vus	TRUE	no	Union	TRUE		
SRR10970880	/mnt/gluster01/lgbm/Larissa.Souza/PSI/DROP/RNAP_analyses/Bams/Ctrls/SRR10970880/SRR10970880_Aligned.sortedByCoord.out.bam	batch-vus	TRUE	no	Union	TRUE		
SRR10970885	/mnt/gluster01/lgbm/Larissa.Souza/PSI/DROP/RNAP_analyses/Bams/Ctrls/SRR10970885/SRR10970885_Aligned.sortedByCoord.out.bam	batch-vus	TRUE	no	Union	TRUE		
SRR10970887	/mnt/gluster01/lgbm/Larissa.Souza/PSI/DROP/RNAP_analyses/Bams/Ctrls/SRR10970887/SRR10970887_Aligned.sortedByCoord.out.bam	batch-vus	TRUE	no	Union	TRUE		
SRR10970888	/mnt/gluster01/lgbm/Larissa.Souza/PSI/DROP/RNAP_analyses/Bams/Ctrls/SRR10970888/SRR10970888_Aligned.sortedByCoord.out.bam	batch-vus	TRUE	no	Union	TRUE		
SRR10970889	/mnt/gluster01/lgbm/Larissa.Souza/PSI/DROP/RNAP_analyses/Bams/Ctrls/SRR10970889/SRR10970889_Aligned.sortedByCoord.out.bam	batch-vus	TRUE	no	Union	TRUE		
SRR10970892	/mnt/gluster01/lgbm/Larissa.Souza/PSI/DROP/RNAP_analyses/Bams/Ctrls/SRR10970892/SRR10970892_Aligned.sortedByCoord.out.bam	batch-vus	TRUE	no	Union	TRUE		
SRR10970894	/mnt/gluster01/lgbm/Larissa.Souza/PSI/DROP/RNAP_analyses/Bams/Ctrls/SRR10970894/SRR10970894_Aligned.sortedByCoord.out.bam	batch-vus	TRUE	no	Union	TRUE		
SRR10970895	/mnt/gluster01/lgbm/Larissa.Souza/PSI/DROP/RNAP_analyses/Bams/Ctrls/SRR10970895/SRR10970895_Aligned.sortedByCoord.out.bam	batch-vus	TRUE	no	Union	TRUE		
SRR10970897	/mnt/gluster01/lgbm/Larissa.Souza/PSI/DROP/RNAP_analyses/Bams/Ctrls/SRR10970897/SRR10970897_Aligned.sortedByCoord.out.bam	batch-vus	TRUE	no	Union	TRUE		
SRR10970898	/mnt/gluster01/lgbm/Larissa.Souza/PSI/DROP/RNAP_analyses/Bams/Ctrls/SRR10970898/SRR10970898_Aligned.sortedByCoord.out.bam	batch-vus	TRUE	no	Union	TRUE		
SRR10970900	/mnt/gluster01/lgbm/Larissa.Souza/PSI/DROP/RNAP_analyses/Bams/Ctrls/SRR10970900/SRR10970900_Aligned.sortedByCoord.out.bam	batch-vus	TRUE	no	Union	TRUE		
SRR10970901	/mnt/gluster01/lgbm/Larissa.Souza/PSI/DROP/RNAP_analyses/Bams/Ctrls/SRR10970901/SRR10970901_Aligned.sortedByCoord.out.bam	batch-vus	TRUE	no	Union	TRUE		
SRR10970905	/mnt/gluster01/lgbm/Larissa.Souza/PSI/DROP/RNAP_analyses/Bams/Ctrls/SRR10970905/SRR10970905_Aligned.sortedByCoord.out.bam	batch-vus	TRUE	no	Union	TRUE		
SRR10970906	/mnt/gluster01/lgbm/Larissa.Souza/PSI/DROP/RNAP_analyses/Bams/Ctrls/SRR10970906/SRR10970906_Aligned.sortedByCoord.out.bam	batch-vus	TRUE	no	Union	TRUE		
SRR10970908	/mnt/gluster01/lgbm/Larissa.Souza/PSI/DROP/RNAP_analyses/Bams/Ctrls/SRR10970908/SRR10970908_Aligned.sortedByCoord.out.bam	batch-vus	TRUE	no	Union	TRUE		
SRR10970909	/mnt/gluster01/lgbm/Larissa.Souza/PSI/DROP/RNAP_analyses/Bams/Ctrls/SRR10970909/SRR10970909_Aligned.sortedByCoord.out.bam	batch-vus	TRUE	no	Union	TRUE		
SRR10970910	/mnt/gluster01/lgbm/Larissa.Souza/PSI/DROP/RNAP_analyses/Bams/Ctrls/SRR10970910/SRR10970910_Aligned.sortedByCoord.out.bam	batch-vus	TRUE	no	Union	TRUE		
SRR10970915	/mnt/gluster01/lgbm/Larissa.Souza/PSI/DROP/RNAP_analyses/Bams/Ctrls/SRR10970915/SRR10970915_Aligned.sortedByCoord.out.bam	batch-vus	TRUE	no	Union	TRUE		
SRR10970916	/mnt/gluster01/lgbm/Larissa.Souza/PSI/DROP/RNAP_analyses/Bams/Ctrls/SRR10970916/SRR10970916_Aligned.sortedByCoord.out.bam	batch-vus	TRUE	no	Union	TRUE		
SRR10970917	/mnt/gluster01/lgbm/Larissa.Souza/PSI/DROP/RNAP_analyses/Bams/Ctrls/SRR10970917/SRR10970917_Aligned.sortedByCoord.out.bam	batch-vus	TRUE	no	Union	TRUE		
SRR10970918	/mnt/gluster01/lgbm/Larissa.Souza/PSI/DROP/RNAP_analyses/Bams/Ctrls/SRR10970918/SRR10970918_Aligned.sortedByCoord.out.bam	batch-vus	TRUE	no	Union	TRUE		
SRR10970919	/mnt/gluster01/lgbm/Larissa.Souza/PSI/DROP/RNAP_analyses/Bams/Ctrls/SRR10970919/SRR10970919_Aligned.sortedByCoord.out.bam	batch-vus	TRUE	no	Union	TRUE		
SRR10970920	/mnt/gluster01/lgbm/Larissa.Souza/PSI/DROP/RNAP_analyses/Bams/Ctrls/SRR10970920/SRR10970920_Aligned.sortedByCoord.out.bam	batch-vus	TRUE	no	Union	TRUE		
SRR10970921	/mnt/gluster01/lgbm/Larissa.Souza/PSI/DROP/RNAP_analyses/Bams/Ctrls/SRR10970921/SRR10970921_Aligned.sortedByCoord.out.bam	batch-vus	TRUE	no	Union	TRUE		
SRR10970922	/mnt/gluster01/lgbm/Larissa.Souza/PSI/DROP/RNAP_analyses/Bams/Ctrls/SRR10970922/SRR10970922_Aligned.sortedByCoord.out.bam	batch-vus	TRUE	no	Union	TRUE		
SRR10970923	/mnt/gluster01/lgbm/Larissa.Souza/PSI/DROP/RNAP_analyses/Bams/Ctrls/SRR10970923/SRR10970923_Aligned.sortedByCoord.out.bam	batch-vus	TRUE	no	Union	TRUE		
SRR10970925	/mnt/gluster01/lgbm/Larissa.Souza/PSI/DROP/RNAP_analyses/Bams/Ctrls/SRR10970925/SRR10970925_Aligned.sortedByCoord.out.bam	batch-vus	TRUE	no	Union	TRUE		
SRR10970926	/mnt/gluster01/lgbm/Larissa.Souza/PSI/DROP/RNAP_analyses/Bams/Ctrls/SRR10970926/SRR10970926_Aligned.sortedByCoord.out.bam	batch-vus	TRUE	no	Union	TRUE		
SRR10970927	/mnt/gluster01/lgbm/Larissa.Souza/PSI/DROP/RNAP_analyses/Bams/Ctrls/SRR10970927/SRR10970927_Aligned.sortedByCoord.out.bam	batch-vus	TRUE	no	Union	TRUE		
SRR10970930	/mnt/gluster01/lgbm/Larissa.Souza/PSI/DROP/RNAP_analyses/Bams/Ctrls/SRR10970930/SRR10970930_Aligned.sortedByCoord.out.bam	batch-vus	TRUE	no	Union	TRUE		
SRR10970931	/mnt/gluster01/lgbm/Larissa.Souza/PSI/DROP/RNAP_analyses/Bams/Ctrls/SRR10970931/SRR10970931_Aligned.sortedByCoord.out.bam	batch-vus	TRUE	no	Union	TRUE		
SRR10970933	/mnt/gluster01/lgbm/Larissa.Souza/PSI/DROP/RNAP_analyses/Bams/Ctrls/SRR10970933/SRR10970933_Aligned.sortedByCoord.out.bam	batch-vus	TRUE	no	Union	TRUE		
SRR10970934	/mnt/gluster01/lgbm/Larissa.Souza/PSI/DROP/RNAP_analyses/Bams/Ctrls/SRR10970934/SRR10970934_Aligned.sortedByCoord.out.bam	batch-vus	TRUE	no	Union	TRUE		
SRR10970940	/mnt/gluster01/lgbm/Larissa.Souza/PSI/DROP/RNAP_analyses/Bams/Ctrls/SRR10970940/SRR10970940_Aligned.sortedByCoord.out.bam	batch-vus	TRUE	no	Union	TRUE		
SRR10970942	/mnt/gluster01/lgbm/Larissa.Souza/PSI/DROP/RNAP_analyses/Bams/Ctrls/SRR10970942/SRR10970942_Aligned.sortedByCoord.out.bam	batch-vus	TRUE	no	Union	TRUE		
SRR10970943	/mnt/gluster01/lgbm/Larissa.Souza/PSI/DROP/RNAP_analyses/Bams/Ctrls/SRR10970943/SRR10970943_Aligned.sortedByCoord.out.bam	batch-vus	TRUE	no	Union	TRUE		
SRR10970945	/mnt/gluster01/lgbm/Larissa.Souza/PSI/DROP/RNAP_analyses/Bams/Ctrls/SRR10970945/SRR10970945_Aligned.sortedByCoord.out.bam	batch-vus	TRUE	no	Union	TRUE		
SRR10970947	/mnt/gluster01/lgbm/Larissa.Souza/PSI/DROP/RNAP_analyses/Bams/Ctrls/SRR10970947/SRR10970947_Aligned.sortedByCoord.out.bam	batch-vus	TRUE	no	Union	TRUE		
SRR10970952	/mnt/gluster01/lgbm/Larissa.Souza/PSI/DROP/RNAP_analyses/Bams/Ctrls/SRR10970952/SRR10970952_Aligned.sortedByCoord.out.bam	batch-vus	TRUE	no	Union	TRUE		
SRR10970954	/mnt/gluster01/lgbm/Larissa.Souza/PSI/DROP/RNAP_analyses/Bams/Ctrls/SRR10970954/SRR10970954_Aligned.sortedByCoord.out.bam	batch-vus	TRUE	no	Union	TRUE		
SRR10970958	/mnt/gluster01/lgbm/Larissa.Souza/PSI/DROP/RNAP_analyses/Bams/Ctrls/SRR10970958/SRR10970958_Aligned.sortedByCoord.out.bam	batch-vus	TRUE	no	Union	TRUE		
SRR10970962	/mnt/gluster01/lgbm/Larissa.Souza/PSI/DROP/RNAP_analyses/Bams/Ctrls/SRR10970962/SRR10970962_Aligned.sortedByCoord.out.bam	batch-vus	TRUE	no	Union	TRUE		
SRR10970963	/mnt/gluster01/lgbm/Larissa.Souza/PSI/DROP/RNAP_analyses/Bams/Ctrls/SRR10970963/SRR10970963_Aligned.sortedByCoord.out.bam	batch-vus	TRUE	no	Union	TRUE		
SRR10970964	/mnt/gluster01/lgbm/Larissa.Souza/PSI/DROP/RNAP_analyses/Bams/Ctrls/SRR10970964/SRR10970964_Aligned.sortedByCoord.out.bam	batch-vus	TRUE	no	Union	TRUE		
SRR10970965	/mnt/gluster01/lgbm/Larissa.Souza/PSI/DROP/RNAP_analyses/Bams/Ctrls/SRR10970965/SRR10970965_Aligned.sortedByCoord.out.bam	batch-vus	TRUE	no	Union	TRUE		
SRR10970966	/mnt/gluster01/lgbm/Larissa.Souza/PSI/DROP/RNAP_analyses/Bams/Ctrls/SRR10970966/SRR10970966_Aligned.sortedByCoord.out.bam	batch-vus	TRUE	no	Union	TRUE		
SRR10970968	/mnt/gluster01/lgbm/Larissa.Souza/PSI/DROP/RNAP_analyses/Bams/Ctrls/SRR10970968/SRR10970968_Aligned.sortedByCoord.out.bam	batch-vus	TRUE	no	Union	TRUE		
SRR10970969	/mnt/gluster01/lgbm/Larissa.Souza/PSI/DROP/RNAP_analyses/Bams/Ctrls/SRR10970969/SRR10970969_Aligned.sortedByCoord.out.bam	batch-vus	TRUE	no	Union	TRUE		
SRR10970970	/mnt/gluster01/lgbm/Larissa.Souza/PSI/DROP/RNAP_analyses/Bams/Ctrls/SRR10970970/SRR10970970_Aligned.sortedByCoord.out.bam	batch-vus	TRUE	no	Union	TRUE		
SRR10970971	/mnt/gluster01/lgbm/Larissa.Souza/PSI/DROP/RNAP_analyses/Bams/Ctrls/SRR10970971/SRR10970971_Aligned.sortedByCoord.out.bam	batch-vus	TRUE	no	Union	TRUE		
SRR10970973	/mnt/gluster01/lgbm/Larissa.Souza/PSI/DROP/RNAP_analyses/Bams/Ctrls/SRR10970973/SRR10970973_Aligned.sortedByCoord.out.bam	batch-vus	TRUE	no	Union	TRUE		
SRR10970975	/mnt/gluster01/lgbm/Larissa.Souza/PSI/DROP/RNAP_analyses/Bams/Ctrls/SRR10970975/SRR10970975_Aligned.sortedByCoord.out.bam	batch-vus	TRUE	no	Union	TRUE		
SRR10970977	/mnt/gluster01/lgbm/Larissa.Souza/PSI/DROP/RNAP_analyses/Bams/Ctrls/SRR10970977/SRR10970977_Aligned.sortedByCoord.out.bam	batch-vus	TRUE	no	Union	TRUE		
SRR10970978	/mnt/gluster01/lgbm/Larissa.Souza/PSI/DROP/RNAP_analyses/Bams/Ctrls/SRR10970978/SRR10970978_Aligned.sortedByCoord.out.bam	batch-vus	TRUE	no	Union	TRUE		
SRR10970980	/mnt/gluster01/lgbm/Larissa.Souza/PSI/DROP/RNAP_analyses/Bams/Ctrls/SRR10970980/SRR10970980_Aligned.sortedByCoord.out.bam	batch-vus	TRUE	no	Union	TRUE		
SRR10970985	/mnt/gluster01/lgbm/Larissa.Souza/PSI/DROP/RNAP_analyses/Bams/Ctrls/SRR10970985/SRR10970985_Aligned.sortedByCoord.out.bam	batch-vus	TRUE	no	Union	TRUE		
SRR10970989	/mnt/gluster01/lgbm/Larissa.Souza/PSI/DROP/RNAP_analyses/Bams/Ctrls/SRR10970989/SRR10970989_Aligned.sortedByCoord.out.bam	batch-vus	TRUE	no	Union	TRUE		
SRR10970990	/mnt/gluster01/lgbm/Larissa.Souza/PSI/DROP/RNAP_analyses/Bams/Ctrls/SRR10970990/SRR10970990_Aligned.sortedByCoord.out.bam	batch-vus	TRUE	no	Union	TRUE		
SRR10970992	/mnt/gluster01/lgbm/Larissa.Souza/PSI/DROP/RNAP_analyses/Bams/Ctrls/SRR10970992/SRR10970992_Aligned.sortedByCoord.out.bam	batch-vus	TRUE	no	Union	TRUE		
SRR10970993	/mnt/gluster01/lgbm/Larissa.Souza/PSI/DROP/RNAP_analyses/Bams/Ctrls/SRR10970993/SRR10970993_Aligned.sortedByCoord.out.bam	batch-vus	TRUE	no	Union	TRUE		
SRR10970996	/mnt/gluster01/lgbm/Larissa.Souza/PSI/DROP/RNAP_analyses/Bams/Ctrls/SRR10970996/SRR10970996_Aligned.sortedByCoord.out.bam	batch-vus	TRUE	no	Union	TRUE		
SRR10970997	/mnt/gluster01/lgbm/Larissa.Souza/PSI/DROP/RNAP_analyses/Bams/Ctrls/SRR10970997/SRR10970997_Aligned.sortedByCoord.out.bam	batch-vus	TRUE	no	Union	TRUE		
SRR10970998	/mnt/gluster01/lgbm/Larissa.Souza/PSI/DROP/RNAP_analyses/Bams/Ctrls/SRR10970998/SRR10970998_Aligned.sortedByCoord.out.bam	batch-vus	TRUE	no	Union	TRUE		
SRR10970999	/mnt/gluster01/lgbm/Larissa.Souza/PSI/DROP/RNAP_analyses/Bams/Ctrls/SRR10970999/SRR10970999_Aligned.sortedByCoord.out.bam	batch-vus	TRUE	no	Union	TRUE		
SRR10971000	/mnt/gluster01/lgbm/Larissa.Souza/PSI/DROP/RNAP_analyses/Bams/Ctrls/SRR10971000/SRR10971000_Aligned.sortedByCoord.out.bam	batch-vus	TRUE	no	Union	TRUE		
SRR10971001	/mnt/gluster01/lgbm/Larissa.Souza/PSI/DROP/RNAP_analyses/Bams/Ctrls/SRR10971001/SRR10971001_Aligned.sortedByCoord.out.bam	batch-vus	TRUE	no	Union	TRUE		
SRR10971002	/mnt/gluster01/lgbm/Larissa.Souza/PSI/DROP/RNAP_analyses/Bams/Ctrls/SRR10971002/SRR10971002_Aligned.sortedByCoord.out.bam	batch-vus	TRUE	no	Union	TRUE		
SRR10971003	/mnt/gluster01/lgbm/Larissa.Souza/PSI/DROP/RNAP_analyses/Bams/Ctrls/SRR10971003/SRR10971003_Aligned.sortedByCoord.out.bam	batch-vus	TRUE	no	Union	TRUE		
SRR10971004	/mnt/gluster01/lgbm/Larissa.Souza/PSI/DROP/RNAP_analyses/Bams/Ctrls/SRR10971004/SRR10971004_Aligned.sortedByCoord.out.bam	batch-vus	TRUE	no	Union	TRUE		
SRR10971005	/mnt/gluster01/lgbm/Larissa.Souza/PSI/DROP/RNAP_analyses/Bams/Ctrls/SRR10971005/SRR10971005_Aligned.sortedByCoord.out.bam	batch-vus	TRUE	no	Union	TRUE		
SRR10971006	/mnt/gluster01/lgbm/Larissa.Souza/PSI/DROP/RNAP_analyses/Bams/Ctrls/SRR10971006/SRR10971006_Aligned.sortedByCoord.out.bam	batch-vus	TRUE	no	Union	TRUE		
RNAP-03	/mnt/gluster01/lgbm/Larissa.Souza/PSI/DROP/RNAP_analyses/Bams/Casos/RNAP-03/RNAP-03_Aligned.sortedByCoord.out.bam	batch-vus	TRUE	no	Union	TRUE		
RNAP-04	/mnt/gluster01/lgbm/Larissa.Souza/PSI/DROP/RNAP_analyses/Bams/Casos/RNAP-04/RNAP-04_Aligned.sortedByCoord.out.bam	batch-vus	TRUE	no	Union	TRUE		
RNAP-103	/mnt/gluster01/lgbm/Larissa.Souza/PSI/DROP/RNAP_analyses/Bams/Casos/RNAP-103/RNAP-103_Aligned.sortedByCoord.out.bam	batch-vus	TRUE	no	Union	TRUE		
RNAP-104	/mnt/gluster01/lgbm/Larissa.Souza/PSI/DROP/RNAP_analyses/Bams/Casos/RNAP-104/RNAP-104_Aligned.sortedByCoord.out.bam	batch-vus	TRUE	no	Union	TRUE		
RNAP-105	/mnt/gluster01/lgbm/Larissa.Souza/PSI/DROP/RNAP_analyses/Bams/Casos/RNAP-105/RNAP-105_Aligned.sortedByCoord.out.bam	batch-vus	TRUE	no	Union	TRUE		
RNAP-108	/mnt/gluster01/lgbm/Larissa.Souza/PSI/DROP/RNAP_analyses/Bams/Casos/RNAP-108/RNAP-108_Aligned.sortedByCoord.out.bam	batch-vus	TRUE	no	Union	TRUE		
RNAP-110	/mnt/gluster01/lgbm/Larissa.Souza/PSI/DROP/RNAP_analyses/Bams/Casos/RNAP-110/RNAP-110_Aligned.sortedByCoord.out.bam	batch-vus	TRUE	no	Union	TRUE		
RNAP-114	/mnt/gluster01/lgbm/Larissa.Souza/PSI/DROP/RNAP_analyses/Bams/Casos/RNAP-114/RNAP-114_Aligned.sortedByCoord.out.bam	batch-vus	TRUE	no	Union	TRUE		
RNAP-115	/mnt/gluster01/lgbm/Larissa.Souza/PSI/DROP/RNAP_analyses/Bams/Casos/RNAP-115/RNAP-115_Aligned.sortedByCoord.out.bam	batch-vus	TRUE	no	Union	TRUE		
RNAP-05	/mnt/gluster01/lgbm/Larissa.Souza/PSI/DROP/RNAP_analyses/Bams/Casos/RNAP-05/RNAP-05_Aligned.sortedByCoord.out.bam	batch-vus	TRUE	no	Union	TRUE		
RNAP-06	/mnt/gluster01/lgbm/Larissa.Souza/PSI/DROP/RNAP_analyses/Bams/Casos/RNAP-06/RNAP-06_Aligned.sortedByCoord.out.bam	batch-vus	TRUE	no	Union	TRUE		
RNAP-07	/mnt/gluster01/lgbm/Larissa.Souza/PSI/DROP/RNAP_analyses/Bams/Casos/RNAP-07/RNAP-07_Aligned.sortedByCoord.out.bam	batch-vus	TRUE	no	Union	TRUE		
RNAP-08	/mnt/gluster01/lgbm/Larissa.Souza/PSI/DROP/RNAP_analyses/Bams/Casos/RNAP-08/RNAP-08_Aligned.sortedByCoord.out.bam	batch-vus	TRUE	no	Union	TRUE		
RNAP-09	/mnt/gluster01/lgbm/Larissa.Souza/PSI/DROP/RNAP_analyses/Bams/Casos/RNAP-09/RNAP-09_Aligned.sortedByCoord.out.bam	batch-vus	TRUE	no	Union	TRUE		
